<?xml version="1.0" encoding="UTF-8" standalone="no"?><TaskList Version="2.0"><Task Active="false" ConnectorKind="local" CreationDate="2009-11-28 23:28:13.663 JST" DueDate="" EndDate="" Estimated="1" Handle="local-11" IssueURL="" Kind="task" Label="リファクタリング" LastModified="now" MarkReadPending="false" ModificationDate="" Notes="" NotifiedIncoming="true" Owner="local" Priority="P3" Reminded="false" RepositoryUrl="local" ScheduledEndDate="2009-11-28 23:59:59.999 JST" ScheduledStartDate="2009-11-22 00:00:00.0 JST" Stale="false" TaskId="11" offlineSyncState="SYNCHRONIZED"><SubTask Handle="local-12"/><SubTask Handle="local-13"/><SubTask Handle="local-18"/></Task><Task Active="false" ConnectorKind="local" CreationDate="2009-11-29 00:02:58.567 JST" DueDate="" EndDate="" Estimated="1" Handle="local-16" IssueURL="" Kind="task" Label="共通レイヤの設計を検討せねば" LastModified="now" MarkReadPending="false" ModificationDate="" Notes="-twoB&#13;&#10;--framework&#13;&#10;---thread&#13;&#10;---board&#13;&#10;--bbs2ch&#13;&#10;---thread&#13;&#10;---board&#13;&#10;--jbbs&#13;&#10;---thread&#13;&#10;---board&#13;&#10;--util&#13;&#10;" NotifiedIncoming="true" Owner="local" Priority="P3" Reminded="false" RepositoryUrl="local" ScheduledEndDate="2009-12-05 23:59:59.999 JST" ScheduledStartDate="2009-11-29 00:00:00.0 JST" Stale="false" TaskId="16" offlineSyncState="SYNCHRONIZED"/><Task Active="false" ConnectorKind="local" CreationDate="2009-11-25 17:23:05.732 JST" DueDate="" EndDate="" Estimated="1" Handle="local-7" IssueURL="" Kind="task" Label="l50で50以上新着があるとき、キャッシュもいくらか表示したほうが良い" LastModified="now" MarkReadPending="false" ModificationDate="" Notes="5つくらい？&#13;&#10;" NotifiedIncoming="true" Owner="local" Priority="P3" Reminded="false" RepositoryUrl="local" ScheduledEndDate="2009-11-28 23:59:59.999 JST" ScheduledStartDate="2009-11-22 00:00:00.0 JST" Stale="false" TaskId="7" offlineSyncState="SYNCHRONIZED"/><Task Active="false" ConnectorKind="local" CreationDate="2009-11-20 13:44:07.731 JST" DueDate="" EndDate="" Estimated="1" Handle="local-4" IssueURL="" Kind="task" Label="2chのindexを実装する" LastModified="now" MarkReadPending="false" ModificationDate="" Notes="" NotifiedIncoming="true" Owner="local" Priority="P3" Reminded="false" RepositoryUrl="local" ScheduledEndDate="2009-11-21 23:59:59.999 JST" ScheduledStartDate="2009-11-15 00:00:00.0 JST" Stale="false" TaskId="4" offlineSyncState="SYNCHRONIZED"/><Task Active="false" ConnectorKind="local" CreationDate="2009-11-28 23:20:35.16 JST" DueDate="" EndDate="" Estimated="1" Handle="local-8" IssueURL="" Kind="task" Label="書き込み機能サポート" LastModified="now" MarkReadPending="false" ModificationDate="" Notes="2chの方はまだ楽そう&#13;&#10;　・monazillaとかに資料あった&#13;&#10;&#13;&#10;jbbsの方はなにやら解析が要る模様&#13;&#10;　・しかもちょくちょく変わるかも？&#13;&#10;　・実際にテストして書き込みをしたい&#13;&#10;　・最悪Webratとか使ってブラウザをエミュレートする手もある&#13;&#10;" NotifiedIncoming="true" Owner="local" Priority="P3" Reminded="false" RepositoryUrl="local" ScheduledEndDate="2009-11-28 23:59:59.999 JST" ScheduledStartDate="2009-11-22 00:00:00.0 JST" Stale="false" TaskId="8" offlineSyncState="SYNCHRONIZED"><SubTask Handle="local-9"/><SubTask Handle="local-10"/><SubTask Handle="local-15"/></Task><Task Active="false" ConnectorKind="local" CreationDate="2009-11-28 23:32:04.338 JST" DueDate="" EndDate="" Estimated="1" Handle="local-13" IssueURL="" Kind="task" Label="ThreadServiceとThreadKeyを分離" LastModified="now" MarkReadPending="false" ModificationDate="" Notes="ThreadKeyはスレッドのIDであり、キャッシュ、デルタ等のローダーにスレッドを特定する情報を提供する&#13;&#10;・キャッシュローダーが求めるのはキャッシュファイルへのパスである。ThreadKeyはこれを提供できる&#13;&#10;・デルタローダーが求めるのはスレッドのURLと、リクエストヘッダのための情報である。ThreadKeyだけでは提供しきれない。&#13;&#10;" NotifiedIncoming="true" Owner="local" Priority="P3" Reminded="false" RepositoryUrl="local" ScheduledEndDate="2009-11-28 23:59:59.999 JST" ScheduledStartDate="2009-11-22 00:00:00.0 JST" Stale="false" TaskId="13" offlineSyncState="SYNCHRONIZED"/><Task Active="false" ConnectorKind="local" CreationDate="2009-11-29 00:09:08.360 JST" DueDate="" EndDate="" Estimated="1" Handle="local-17" IssueURL="" Kind="task" Label="1キーでテストを立ち上げられないもんか？ eclipseスレで聞いてきたい" LastModified="now" MarkReadPending="false" ModificationDate="" Notes="" NotifiedIncoming="true" Owner="local" Priority="P3" Reminded="false" RepositoryUrl="local" ScheduledEndDate="2009-12-05 23:59:59.999 JST" ScheduledStartDate="2009-11-29 00:00:00.0 JST" Stale="false" TaskId="17" offlineSyncState="SYNCHRONIZED"/><Task Active="false" ConnectorKind="local" CreationDate="2009-12-05 00:00:15.719 JST" DueDate="" EndDate="" Estimated="1" Handle="local-18" IssueURL="" Kind="task" Label="PickerをThreadBuilderにおけるDirectorにした方が良い？" LastModified="now" MarkReadPending="false" ModificationDate="" Notes="class Thread::Metadata&#13;&#10;  # delta取得用リクエストを生成&#13;&#10;  def request_to_getting_delta&#13;&#10;    # (最終レス番号/ファイルサイズ)から、deltaの(開始レス番号/バイトオフセット)を計算&#13;&#10;    # delta取得用のリクエストを生成&#13;&#10;  end&#13;&#10;end&#13;&#10;&#13;&#10; - metadataを読み込む&#13;&#10;&#13;&#10;Latest:&#13;&#10; - metadataからdeltaを取得&#13;&#10; - deltaのparse完了 -&gt; 最終レス番号が分かる&#13;&#10; - 最終レス番号と要求から、足りない分のcache範囲を計算&#13;&#10; - cacheを読み込む&#13;&#10;&#13;&#10;All:&#13;&#10; - cacheをすべて読み込む&#13;&#10; - 残りのdeltaを取得&#13;&#10;&#13;&#10;From:&#13;&#10; - 要求にcacheが含まれていれば、cacheを読み込む&#13;&#10; - 残りのdeltaを取得&#13;&#10;&#13;&#10;To&#13;&#10; - cacheを読み込む&#13;&#10; - 要求がcacheに収まらなければ、残りのdeltaを取得&#13;&#10;&#13;&#10;FromTo&#13;&#10; - 要求範囲にcacheが含まれていれば、cacheを読み込む&#13;&#10; - 要求がcacheに収まらなければ、deltaを取得&#13;&#10;&#13;&#10;Only&#13;&#10; - 要求がcacheに含まれていれば、cacheを読み込む&#13;&#10; - 要求がcacheに含まれていなければ、deltaを取得&#13;&#10;&#13;&#10;&#13;&#10; - metadata,cache,deltaからThreadViewが作れる&#13;&#10; - deltaをファイルにappend&#13;&#10; - metadataを更新&#13;&#10;&#13;&#10;# これだとToが指定されたときでもすべてのdeltaを取得してしまう&#13;&#10;" NotifiedIncoming="true" Owner="local" Priority="P3" Reminded="false" RepositoryUrl="local" ScheduledEndDate="2009-12-05 23:59:59.999 JST" ScheduledStartDate="2009-11-29 00:00:00.0 JST" Stale="false" TaskId="18" offlineSyncState="SYNCHRONIZED"/><Task Active="false" ConnectorKind="local" CreationDate="2009-11-20 13:43:47.298 JST" DueDate="" EndDate="" Estimated="1" Handle="local-3" IssueURL="" Kind="task" Label="2chのレスアンカーを実装する" LastModified="now" MarkReadPending="false" ModificationDate="" Notes="" NotifiedIncoming="true" Owner="local" Priority="P3" Reminded="false" RepositoryUrl="local" ScheduledEndDate="2009-11-21 23:59:59.999 JST" ScheduledStartDate="2009-11-15 00:00:00.0 JST" Stale="false" TaskId="3" offlineSyncState="SYNCHRONIZED"/><Task Active="false" ConnectorKind="local" CreationDate="2009-11-28 23:24:37.556 JST" DueDate="" EndDate="" Estimated="1" Handle="local-9" IssueURL="" Kind="task" Label="書き込みを記録、一覧する機能を実装すべし" LastModified="now" MarkReadPending="false" ModificationDate="" Notes="アンカーの逆探知（&gt;&gt;1-1000だけは意味無いだろうから除外）&#13;&#10;" NotifiedIncoming="true" Owner="local" Priority="P3" Reminded="false" RepositoryUrl="local" ScheduledEndDate="2009-11-28 23:59:59.999 JST" ScheduledStartDate="2009-11-22 00:00:00.0 JST" Stale="false" TaskId="9" offlineSyncState="SYNCHRONIZED"/><Task Active="false" ConnectorKind="local" CreationDate="2009-11-20 13:35:09.762 JST" DueDate="" EndDate="" Estimated="1" Handle="local-2" IssueURL="" Kind="task" Label="indexのmarshal形式をYAMLにする" LastModified="now" MarkReadPending="false" ModificationDate="" Notes="" NotifiedIncoming="true" Owner="local" Priority="P3" Reminded="false" RepositoryUrl="local" ScheduledEndDate="2009-11-21 23:59:59.999 JST" ScheduledStartDate="2009-11-15 00:00:00.0 JST" Stale="false" TaskId="2" offlineSyncState="SYNCHRONIZED"/><Task Active="false" ConnectorKind="local" CreationDate="2009-11-20 13:34:31.577 JST" DueDate="" EndDate="" Estimated="1" Handle="local-1" IssueURL="" Kind="task" Label="indexとoptionの統合" LastModified="now" MarkReadPending="false" ModificationDate="" Notes="" NotifiedIncoming="true" Owner="local" Priority="P3" Reminded="false" RepositoryUrl="local" ScheduledEndDate="2009-11-21 23:59:59.999 JST" ScheduledStartDate="2009-11-15 00:00:00.0 JST" Stale="false" TaskId="1" offlineSyncState="SYNCHRONIZED"/><Task Active="false" ConnectorKind="local" CreationDate="2009-11-29 00:02:03.223 JST" DueDate="" EndDate="" Estimated="1" Handle="local-15" IssueURL="" Kind="task" Label="自分に対するアンカーの逆探知機能を実装すべし" LastModified="now" MarkReadPending="false" ModificationDate="" Notes="" NotifiedIncoming="true" Owner="local" Priority="P3" Reminded="false" RepositoryUrl="local" ScheduledEndDate="2009-12-05 23:59:59.999 JST" ScheduledStartDate="2009-11-29 00:00:00.0 JST" Stale="false" TaskId="15" offlineSyncState="SYNCHRONIZED"/><Task Active="false" ConnectorKind="local" CreationDate="2009-11-28 23:27:32.891 JST" DueDate="" EndDate="" Estimated="1" Handle="local-10" IssueURL="" Kind="task" Label="フォームのサポートをフレームワークに追加する必要がある" LastModified="now" MarkReadPending="false" ModificationDate="" Notes="" NotifiedIncoming="true" Owner="local" Priority="P3" Reminded="false" RepositoryUrl="local" ScheduledEndDate="2009-11-28 23:59:59.999 JST" ScheduledStartDate="2009-11-22 00:00:00.0 JST" Stale="false" TaskId="10" offlineSyncState="SYNCHRONIZED"/><Task Active="false" ConnectorKind="local" CreationDate="2009-11-28 23:28:49.855 JST" DueDate="" EndDate="" Estimated="1" Handle="local-12" IssueURL="" Kind="task" Label="JBBSと2chの重複を排除" LastModified="now" MarkReadPending="false" ModificationDate="" Notes="実装はimpl(or like2ch)パッケージに纏める？" NotifiedIncoming="true" Owner="local" Priority="P3" Reminded="false" RepositoryUrl="local" ScheduledEndDate="2009-11-28 23:59:59.999 JST" ScheduledStartDate="2009-11-22 00:00:00.0 JST" Stale="false" TaskId="12" offlineSyncState="SYNCHRONIZED"><SubTask Handle="local-16"/></Task><Task Active="false" ConnectorKind="local" CreationDate="2009-11-20 13:44:46.441 JST" DueDate="" EndDate="" Estimated="1" Handle="local-5" IssueURL="" Kind="task" Label="spec/functionをもっと機能テストらしくする" LastModified="now" MarkReadPending="false" ModificationDate="" Notes="- テスト項目の検討&#10; * エラーが発生しない&#10; * レス選択が完全にあっている&#10; * タイトルが正しい&#10; * 新着/キャッシュの境界が正しい&#10; * スレ一覧のデータが正しい&#10;- バリエーション&#10; * 2chとJBBS&#10; * pickerの種類&#10;  * All&#10;  * Latest&#10;   * include_1?&#10;  * Only&#10;  * To&#10;  * From&#10;  * ToFrom&#10; * キャッシュ有無&#10; * 新着有無&#10; * Windows機種依存文字の有無&#10; * あぼーんレス有無&#10; * &#10;&#10;cucumberあたりを使う？&#10;　コピペを繰り返さないようにする工夫を&#10;" NotifiedIncoming="true" Owner="local" Priority="P3" Reminded="false" RepositoryUrl="local" ScheduledEndDate="2009-11-21 23:59:59.999 JST" ScheduledStartDate="2009-11-15 00:00:00.0 JST" Stale="false" TaskId="5" offlineSyncState="SYNCHRONIZED"/><TaskCategory Handle="カテゴリーなし" Name="カテゴリーなし"><TaskReference Handle="local-11"/><TaskReference Handle="local-7"/><TaskReference Handle="local-8"/><TaskReference Handle="local-4"/><TaskReference Handle="local-17"/><TaskReference Handle="local-3"/><TaskReference Handle="local-2"/><TaskReference Handle="local-1"/><TaskReference Handle="local-5"/></TaskCategory><TaskCategory Handle="Uncategorized" Name="Uncategorized"/></TaskList>