<?xml version="1.0" encoding="UTF-8" standalone="no"?><TaskList Version="2.0"><Task Active="false" ConnectorKind="local" CreationDate="2009-11-20 13:44:07.731 JST" DueDate="" EndDate="" Estimated="1" Handle="local-4" Kind="task" Label="2chのindexを実装する" LastModified="now" MarkReadPending="false" ModificationDate="" Notes="" NotifiedIncoming="true" Owner="local" Priority="P3" Reminded="false" RepositoryUrl="local" ScheduledEndDate="2009-11-21 23:59:59.999 JST" ScheduledStartDate="2009-11-15 00:00:00.0 JST" Stale="false" TaskId="4" offlineSyncState="SYNCHRONIZED"/><Task Active="false" ConnectorKind="local" CreationDate="2009-11-20 13:43:47.298 JST" DueDate="" EndDate="" Estimated="1" Handle="local-3" Kind="task" Label="2chのレスアンカーを実装する" LastModified="now" MarkReadPending="false" ModificationDate="" Notes="" NotifiedIncoming="true" Owner="local" Priority="P3" Reminded="false" RepositoryUrl="local" ScheduledEndDate="2009-11-21 23:59:59.999 JST" ScheduledStartDate="2009-11-15 00:00:00.0 JST" Stale="false" TaskId="3" offlineSyncState="SYNCHRONIZED"/><Task Active="false" ConnectorKind="local" CreationDate="2009-11-20 13:35:09.762 JST" DueDate="" EndDate="" Estimated="1" Handle="local-2" Kind="task" Label="indexのmarshal形式をYAMLにする" LastModified="now" MarkReadPending="false" ModificationDate="" Notes="" NotifiedIncoming="true" Owner="local" Priority="P3" Reminded="false" RepositoryUrl="local" ScheduledEndDate="2009-11-21 23:59:59.999 JST" ScheduledStartDate="2009-11-15 00:00:00.0 JST" Stale="false" TaskId="2" offlineSyncState="SYNCHRONIZED"/><Task Active="false" ConnectorKind="local" CreationDate="2009-11-20 13:34:31.577 JST" DueDate="" EndDate="" Estimated="1" Handle="local-1" Kind="task" Label="indexとoptionの統合" LastModified="now" MarkReadPending="false" ModificationDate="" Notes="" NotifiedIncoming="true" Owner="local" Priority="P3" Reminded="false" RepositoryUrl="local" ScheduledEndDate="2009-11-21 23:59:59.999 JST" ScheduledStartDate="2009-11-15 00:00:00.0 JST" Stale="false" TaskId="1" offlineSyncState="SYNCHRONIZED"/><Task Active="false" ConnectorKind="local" CreationDate="2009-11-20 13:44:46.441 JST" DueDate="" EndDate="" Estimated="1" Handle="local-5" Kind="task" Label="spec/functionをもっと機能テストらしくする" LastModified="now" MarkReadPending="false" ModificationDate="" Notes="- テスト項目の検討&#10; * エラーが発生しない&#10; * レス選択が完全にあっている&#10; * タイトルが正しい&#10; * 新着/キャッシュの境界が正しい&#10; * スレ一覧のデータが正しい&#10;- バリエーション&#10; * 2chとJBBS&#10; * pickerの種類&#10;  * All&#10;  * Latest&#10;   * include_1?&#10;  * Only&#10;  * To&#10;  * From&#10;  * ToFrom&#10; * キャッシュ有無&#10; * 新着有無&#10; * Windows機種依存文字の有無&#10; * あぼーんレス有無&#10; * &#10;&#10;cucumberあたりを使う？&#10;　コピペを繰り返さないようにする工夫を&#10;" NotifiedIncoming="true" Owner="local" Priority="P3" Reminded="false" RepositoryUrl="local" ScheduledEndDate="2009-11-21 23:59:59.999 JST" ScheduledStartDate="2009-11-15 00:00:00.0 JST" Stale="false" TaskId="5" offlineSyncState="SYNCHRONIZED"/><TaskCategory Handle="カテゴリーなし" Name="カテゴリーなし"><TaskReference Handle="local-1"/><TaskReference Handle="local-2"/><TaskReference Handle="local-3"/><TaskReference Handle="local-4"/><TaskReference Handle="local-5"/></TaskCategory></TaskList>